{
  "recepcao_ok": {
    "id_status": 1,
    "status_processo": "recebido"
  },
  "verificacao_ok": {
    "id_status": 2,
    "status_processo": "verificado"
  },
  "verificacao_erro": {
    "id_status": 9,
    "status_processo": "Erro Verificação"
  },
  "geracao_ok": {
    "id_status": 3,
    "status_processo": "gerado"
  },
  "geracao_erro": {
    "id_status": 10,
    "status_processo": "Erro Geração"
  },
  "notificacao_ok": {
    "id_status": 4,
    "status_processo": "notificado"
  },
  "notificacao_erro": {
    "id_status": 11,
    "status_processo": "Erro notificação"
  }
}